B1,"-51.183,10.982,0.0","-51.183,11.982,0.0","-51.183,11.982,2.0","-51.183,10.982,2.0","-51.183,10.982,0.0"
B2,"-47.247,31.229,4.57","-47.247,32.229,4.57","-47.247,32.229,6.57","-47.247,31.229,6.57","-47.247,31.229,4.57"
B3,"-8.637,27.582,0.0","-7.637,27.582,0.0","-7.637,27.582,2.0","-8.637,27.582,2.0","-8.637,27.582,0.0"
B4,"-6.518,14.187,0.0","-6.518,15.187,0.0","-6.518,15.187,2.0","-6.518,14.187,2.0","-6.518,14.187,0.0"
B5,"-20.892,10.327,0.0","-20.892,11.327,0.0","-20.892,11.327,2.0","-20.892,10.327,2.0","-20.892,10.327,0.0"
B6,"-19.773,25.745,0.0","-18.773,25.745,0.0","-18.773,25.745,2.0","-19.773,25.745,2.0","-19.773,25.745,0.0"
B7,"-6.572,24.746,4.57","-5.572,24.746,4.57","-5.572,24.746,6.57","-6.572,24.746,6.57","-6.572,24.746,4.57"
B8,"-3.732,24.746,4.57","-2.732,24.746,4.57","-2.732,24.746,6.57","-3.732,24.746,6.57","-3.732,24.746,4.57"
B9,"-40.475,52.142,0.0","-40.475,53.142,0.0","-40.475,53.142,2.0","-40.475,52.142,2.0","-40.475,52.142,0.0"
B10,"-39.878,55.421,0.0","-38.878,55.421,0.0","-38.878,55.421,2.0","-39.878,55.421,2.0","-39.878,55.421,0.0"
B11,"-48.288,44.802,0.0","-47.288,44.802,0.0","-47.288,44.802,2.0","-48.288,44.802,2.0","-48.288,44.802,0.0"
B12,"-16.768,13.866,4.57","-16.768,12.866,4.57","-16.768,12.866,6.57","-16.768,13.866,6.57","-16.768,13.866,4.57"
B13,"-48.628,10.225,0.0","-47.628,10.225,0.0","-47.628,10.225,2.0","-48.628,10.225,2.0","-48.628,10.225,0.0"
B14,"-12.978,44.982,4.57","-11.978,44.982,4.57","-11.978,44.982,6.57","-12.978,44.982,6.57","-12.978,44.982,4.57"
B15,"-14.258,35.312,4.57","-14.258,36.312,4.57","-14.258,36.312,6.57","-14.258,35.312,6.57","-14.258,35.312,4.57"
B16,"-3.193,34.842,0.0","-4.193,34.842,0.0","-4.193,34.842,2.0","-3.193,34.842,2.0","-3.193,34.842,0.0"
B17,"-4.038,49.976,0.0","-3.038,49.976,0.0","-3.038,49.976,2.0","-4.038,49.976,2.0","-4.038,49.976,0.0"
B18,"-33.488,29.659,4.57","-33.488,30.659,4.57","-33.488,30.659,6.57","-33.488,29.659,6.57","-33.488,29.659,4.57"
B19,"-32.263,18.286,4.57","-33.263,18.286,4.57","-33.263,18.286,6.57","-32.263,18.286,6.57","-32.263,18.286,4.57"
B20,"-21.118,48.207,0.0","-21.118,49.207,0.0","-21.118,49.207,2.0","-21.118,48.207,2.0","-21.118,48.207,0.0"
B21,"-19.188,49.976,0.0","-18.188,49.976,0.0","-18.188,49.976,2.0","-19.188,49.976,2.0","-19.188,49.976,0.0"
B22,"-40.492,21.402,0.0","-40.492,22.402,0.0","-40.492,22.402,2.0","-40.492,21.402,2.0","-40.492,21.402,0.0"
B23,"-27.122,45.697,4.57","-27.122,46.697,4.57","-27.122,46.697,6.57","-27.122,45.697,6.57","-27.122,45.697,4.57"
B24,"-28.208,44.982,4.57","-27.208,44.982,4.57","-27.208,44.982,6.57","-28.208,44.982,6.57","-28.208,44.982,4.57"
B25,"-27.188,38.922,4.57","-28.188,38.922,4.57","-28.188,38.922,6.57","-27.188,38.922,6.57","-27.188,38.922,4.57"
B26,"-38.778,36.439,0.0","-39.778,36.439,0.0","-39.778,36.439,2.0","-38.778,36.439,2.0","-38.778,36.439,0.0"
B27,"-40.475,40.987,0.0","-40.475,41.987,0.0","-40.475,41.987,2.0","-40.475,40.987,2.0","-40.475,40.987,0.0"
B28,"-32.263,34.796,4.57","-33.263,34.796,4.57","-33.263,34.796,6.57","-32.263,34.796,6.57","-32.263,34.796,4.57"
B29,"-30.413,12.042,0.0","-31.413,12.042,0.0","-31.413,12.042,2.0","-30.413,12.042,2.0","-30.413,12.042,0.0"
B30,"-31.548,43.163,4.57","-31.548,44.163,4.57","-31.548,44.163,6.57","-31.548,43.163,6.57","-31.548,43.163,4.57"
B31,"-30.489,38.922,4.57","-31.489,38.922,4.57","-31.489,38.922,6.57","-30.489,38.922,6.57","-30.489,38.922,4.57"
B32,"-23.418,48.088,0.0","-22.418,48.088,0.0","-22.418,48.088,2.0","-23.418,48.088,2.0","-23.418,48.088,0.0"
B33,"-9.352,27.097,0.0","-9.352,26.097,0.0","-9.352,26.097,2.0","-9.352,27.097,2.0","-9.352,27.097,0.0"
B34,"-23.872,44.982,4.57","-22.872,44.982,4.57","-22.872,44.982,6.57","-23.872,44.982,6.57","-23.872,44.982,4.57"
B35,"-4.548,21.339,4.57","-3.548,21.339,4.57","-3.548,21.339,6.57","-4.548,21.339,6.57","-4.548,21.339,4.57"
B36,"-48.563,34.562,0.0","-48.563,33.562,0.0","-48.563,33.562,2.0","-48.563,34.562,2.0","-48.563,34.562,0.0"
B37,"-48.563,29.828,0.0","-48.563,28.828,0.0","-48.563,28.828,2.0","-48.563,29.828,2.0","-48.563,29.828,0.0"
B38,"-19.793,42.218,0.0","-18.793,42.218,0.0","-18.793,42.218,2.0","-19.793,42.218,2.0","-19.793,42.218,0.0"
B39,"-37.693,50.337,0.0","-37.693,51.337,0.0","-37.693,51.337,2.0","-37.693,50.337,2.0","-37.693,50.337,0.0"
B40,"-19.178,43.977,4.57","-18.178,43.977,4.57","-18.178,43.977,6.57","-19.178,43.977,6.57","-19.178,43.977,4.57"
B41,"-18.127,37.136,4.57","-19.127,37.136,4.57","-19.127,37.136,6.57","-18.127,37.136,6.57","-18.127,37.136,4.57"
B42,"-4.208,39.009,4.57","-4.208,40.009,4.57","-4.208,40.009,6.57","-4.208,39.009,6.57","-4.208,39.009,4.57"
B43,"-39.022,46.102,4.57","-39.022,45.102,4.57","-39.022,45.102,6.57","-39.022,46.102,6.57","-39.022,46.102,4.57"
B44,"-43.538,45.316,4.57","-43.538,46.316,4.57","-43.538,46.316,6.57","-43.538,45.316,6.57","-43.538,45.316,4.57"
B45,"-25.253,21.216,4.57","-24.253,21.216,4.57","-24.253,21.216,6.57","-25.253,21.216,6.57","-25.253,21.216,4.57"
B46,"-5.328,38.882,4.57","-4.328,38.882,4.57","-4.328,38.882,6.57","-5.328,38.882,6.57","-5.328,38.882,4.57"
B47,"-20.228,27.03,0.0","-20.228,26.03,0.0","-20.228,26.03,2.0","-20.228,27.03,2.0","-20.228,27.03,0.0"
B48,"-37.622,44.982,4.57","-36.622,44.982,4.57","-36.622,44.982,6.57","-37.622,44.982,6.57","-37.622,44.982,4.57"
B49,"-52.147,16.305,0.0","-52.147,17.305,0.0","-52.147,17.305,2.0","-52.147,16.305,2.0","-52.147,16.305,0.0"
B50,"-46.713,10.225,0.0","-45.713,10.225,0.0","-45.713,10.225,2.0","-46.713,10.225,2.0","-46.713,10.225,0.0"
B51,"-40.383,10.225,0.0","-39.383,10.225,0.0","-39.383,10.225,2.0","-40.383,10.225,2.0","-40.383,10.225,0.0"
B52,"-42.535,5.786,0.0","-43.535,5.786,0.0","-43.535,5.786,2.0","-42.535,5.786,2.0","-42.535,5.786,0.0"
B53,"-5.262,19.997,4.57","-5.262,18.997,4.57","-5.262,18.997,6.57","-5.262,19.997,6.57","-5.262,19.997,4.57"
B54,"-6.087,14.068,0.0","-5.087,14.068,0.0","-5.087,14.068,2.0","-6.087,14.068,2.0","-6.087,14.068,0.0"
B55,"-8.192,44.538,4.57","-8.192,43.538,4.57","-8.192,43.538,6.57","-8.192,44.538,6.57","-8.192,44.538,4.57"
B56,"-13.356,44.052,0.0","-12.356,44.052,0.0","-12.356,44.052,2.0","-13.356,44.052,2.0","-13.356,44.052,0.0"
B57,"-18.058,42.932,0.0","-18.058,43.932,0.0","-18.058,43.932,2.0","-18.058,42.932,2.0","-18.058,42.932,0.0"
B58,"-31.548,36.183,4.57","-31.548,37.183,4.57","-31.548,37.183,6.57","-31.548,36.183,6.57","-31.548,36.183,4.57"
B59,"-34.409,40.722,0.0","-35.409,40.722,0.0","-35.409,40.722,2.0","-34.409,40.722,2.0","-34.409,40.722,0.0"
B60,"-4.362,48.291,0.0","-4.362,47.291,0.0","-4.362,47.291,2.0","-4.362,48.291,2.0","-4.362,48.291,0.0"
B61,"-24.408,35.418,0.0","-25.408,35.418,0.0","-25.408,35.418,2.0","-24.408,35.418,2.0","-24.408,35.418,0.0"
B62,"-24.308,26.823,0.0","-24.308,25.823,0.0","-24.308,25.823,2.0","-24.308,26.823,2.0","-24.308,26.823,0.0"
B63,"-25.408,27.972,0.0","-24.408,27.972,0.0","-24.408,27.972,2.0","-25.408,27.972,2.0","-25.408,27.972,0.0"
B64,"-3.732,26.081,0.0","-3.732,27.081,0.0","-3.732,27.081,2.0","-3.732,26.081,2.0","-3.732,26.081,0.0"
B65,"-3.017,27.582,0.0","-2.017,27.582,0.0","-2.017,27.582,2.0","-3.017,27.582,2.0","-3.017,27.582,0.0"
B66,"-2.612,24.478,0.0","-3.612,24.478,0.0","-3.612,24.478,2.0","-2.612,24.478,2.0","-2.612,24.478,0.0"
B67,"-9.352,19.311,0.0","-9.352,18.311,0.0","-9.352,18.311,2.0","-9.352,19.311,2.0","-9.352,19.311,0.0"
B68,"-43.048,16.297,4.57","-43.048,15.297,4.57","-43.048,15.297,6.57","-43.048,16.297,6.57","-43.048,16.297,4.57"
B69,"-43.168,13.642,4.57","-44.168,13.642,4.57","-44.168,13.642,6.57","-43.168,13.642,6.57","-43.168,13.642,4.57"
B70,"-40.929,13.642,4.57","-39.929,13.642,4.57","-39.929,13.642,6.57","-40.929,13.642,6.57","-40.929,13.642,4.57"
B71,"-3.428,22.243,4.57","-3.428,23.243,4.57","-3.428,23.243,6.57","-3.428,22.243,6.57","-3.428,22.243,4.57"
B72,"-8.279,12.718,4.57","-7.279,12.718,4.57","-7.279,12.718,6.57","-8.279,12.718,6.57","-8.279,12.718,4.57"
B73,"-28.069,40.722,0.0","-29.069,40.722,0.0","-29.069,40.722,2.0","-28.069,40.722,2.0","-28.069,40.722,0.0"
B74,"-35.403,22.668,0.0","-34.403,22.668,0.0","-34.403,22.668,2.0","-35.403,22.668,2.0","-35.403,22.668,0.0"
B75,"-40.475,38.021,0.0","-40.475,37.021,0.0","-40.475,37.021,2.0","-40.475,38.021,2.0","-40.475,38.021,0.0"
B76,"-1.898,25.447,0.0","-1.898,26.447,0.0","-1.898,26.447,2.0","-1.898,25.447,2.0","-1.898,25.447,0.0"
B77,"-15.258,36.558,0.0","-15.258,37.558,0.0","-15.258,37.558,2.0","-15.258,36.558,2.0","-15.258,36.558,0.0"
B78,"-12.622,37.558,0.0","-12.622,36.558,0.0","-12.622,36.558,2.0","-12.622,37.558,2.0","-12.622,37.558,0.0"
B79,"-31.662,52.661,0.0","-31.662,53.661,0.0","-31.662,53.661,2.0","-31.662,52.661,2.0","-31.662,52.661,0.0"
B80,"-33.387,48.088,0.0","-32.387,48.088,0.0","-32.387,48.088,2.0","-33.387,48.088,2.0","-33.387,48.088,0.0"
B81,"-28.268,48.088,0.0","-27.268,48.088,0.0","-27.268,48.088,2.0","-28.268,48.088,2.0","-28.268,48.088,0.0"
B82,"-47.288,34.842,0.0","-48.288,34.842,0.0","-48.288,34.842,2.0","-47.288,34.842,2.0","-47.288,34.842,0.0"
B83,"-48.288,28.548,0.0","-47.288,28.548,0.0","-47.288,28.548,2.0","-48.288,28.548,2.0","-48.288,28.548,0.0"
B84,"-31.532,16.707,0.0","-31.532,15.707,0.0","-31.532,15.707,2.0","-31.532,16.707,2.0","-31.532,16.707,0.0"
B85,"-47.388,5.928,0.0","-47.388,6.928,0.0","-47.388,6.928,2.0","-47.388,5.928,2.0","-47.388,5.928,0.0"
B86,"-40.492,18.322,0.0","-40.492,17.322,0.0","-40.492,17.322,2.0","-40.492,18.322,2.0","-40.492,18.322,0.0"
B87,"-16.618,13.39,0.0","-16.618,14.39,0.0","-16.618,14.39,2.0","-16.618,13.39,2.0","-16.618,13.39,0.0"
B88,"-3.732,25.882,0.0","-3.732,24.882,0.0","-3.732,24.882,2.0","-3.732,25.882,2.0","-3.732,25.882,0.0"
B89,"-41.968,45.016,4.57","-40.968,45.016,4.57","-40.968,45.016,6.57","-41.968,45.016,6.57","-41.968,45.016,4.57"
B90,"-19.892,14.691,4.57","-19.892,13.691,4.57","-19.892,13.691,6.57","-19.892,14.691,6.57","-19.892,14.691,4.57"
B91,"-26.002,13.762,4.57","-26.002,14.762,4.57","-26.002,14.762,6.57","-26.002,13.762,6.57","-26.002,13.762,4.57"
B92,"-21.348,19.382,4.57","-20.348,19.382,4.57","-20.348,19.382,6.57","-21.348,19.382,6.57","-21.348,19.382,4.57"
B93,"-25.483,19.382,4.57","-24.483,19.382,4.57","-24.483,19.382,6.57","-25.483,19.382,6.57","-25.483,19.382,4.57"
B94,"-24.308,36.892,0.0","-24.308,37.892,0.0","-24.308,37.892,2.0","-24.308,36.892,2.0","-24.308,36.892,0.0"
B95,"-22.633,40.722,0.0","-23.633,40.722,0.0","-23.633,40.722,2.0","-22.633,40.722,2.0","-22.633,40.722,0.0"
B96,"-25.893,22.668,0.0","-24.893,22.668,0.0","-24.893,22.668,2.0","-25.893,22.668,2.0","-25.893,22.668,0.0"
B97,"-33.652,24.502,0.0","-34.652,24.502,0.0","-34.652,24.502,2.0","-33.652,24.502,2.0","-33.652,24.502,0.0"
B98,"-44.512,46.816,4.57","-45.512,46.816,4.57","-45.512,46.816,6.57","-44.512,46.816,6.57","-44.512,46.816,4.57"
B99,"-18.058,45.222,0.0","-18.058,46.222,0.0","-18.058,46.222,2.0","-18.058,45.222,2.0","-18.058,45.222,0.0"
B100,"-18.058,48.185,0.0","-18.058,49.185,0.0","-18.058,49.185,2.0","-18.058,48.185,2.0","-18.058,48.185,0.0"
B101,"-29.828,52.831,0.0","-29.828,53.831,0.0","-29.828,53.831,2.0","-29.828,52.831,2.0","-29.828,52.831,0.0"
B102,"-31.662,51.001,0.0","-31.662,50.001,0.0","-31.662,50.001,2.0","-31.662,51.001,2.0","-31.662,51.001,0.0"
B103,"-26.142,36.537,0.0","-26.142,35.537,0.0","-26.142,35.537,2.0","-26.142,36.537,2.0","-26.142,36.537,0.0"
B104,"-34.652,38.888,0.0","-33.652,38.888,0.0","-33.652,38.888,2.0","-34.652,38.888,2.0","-34.652,38.888,0.0"
B105,"-42.169,34.842,0.0","-43.169,34.842,0.0","-43.169,34.842,2.0","-42.169,34.842,2.0","-42.169,34.842,0.0"
B106,"-43.169,28.548,0.0","-42.169,28.548,0.0","-42.169,28.548,2.0","-43.169,28.548,2.0","-43.169,28.548,0.0"
B107,"-33.263,28.548,0.0","-32.263,28.548,0.0","-32.263,28.548,2.0","-33.263,28.548,2.0","-33.263,28.548,0.0"
B108,"-32.453,24.502,0.0","-33.453,24.502,0.0","-33.453,24.502,2.0","-32.453,24.502,2.0","-32.453,24.502,0.0"
B109,"-26.142,27.852,0.0","-26.142,26.852,0.0","-26.142,26.852,2.0","-26.142,27.852,2.0","-26.142,27.852,0.0"
B110,"-47.313,53.202,0.0","-48.313,53.202,0.0","-48.313,53.202,2.0","-47.313,53.202,2.0","-47.313,53.202,0.0"
B111,"-41.907,1.312,0.0","-41.907,2.312,0.0","-41.907,2.312,2.0","-41.907,1.312,2.0","-41.907,1.312,0.0"
B112,"-27.028,6.531,0.0","-27.028,7.531,0.0","-27.028,7.531,2.0","-27.028,6.531,2.0","-27.028,6.531,0.0"
B113,"-9.352,22.443,0.0","-9.352,21.443,0.0","-9.352,21.443,2.0","-9.352,22.443,2.0","-9.352,22.443,0.0"
B114,"-24.133,26.166,4.57","-24.133,27.166,4.57","-24.133,27.166,6.57","-24.133,26.166,6.57","-24.133,26.166,4.57"
B115,"-27.003,22.296,4.57","-27.003,21.296,4.57","-27.003,21.296,6.57","-27.003,22.296,6.57","-27.003,22.296,4.57"
B116,"-18.773,22.912,4.57","-19.773,22.912,4.57","-19.773,22.912,6.57","-18.773,22.912,6.57","-18.773,22.912,4.57"
B117,"-16.768,24.427,4.57","-16.768,25.427,4.57","-16.768,25.427,6.57","-16.768,24.427,6.57","-16.768,24.427,4.57"
B118,"-12.948,24.032,4.57","-12.948,23.032,4.57","-12.948,23.032,6.57","-12.948,24.032,6.57","-12.948,24.032,4.57"
B119,"-12.893,22.912,4.57","-11.893,22.912,4.57","-11.893,22.912,6.57","-12.893,22.912,6.57","-12.893,22.912,4.57"
B120,"-17.768,14.666,4.57","-17.768,15.666,4.57","-17.768,15.666,6.57","-17.768,14.666,6.57","-17.768,14.666,4.57"
B121,"-12.932,14.586,4.57","-13.932,14.586,4.57","-13.932,14.586,6.57","-12.932,14.586,6.57","-12.932,14.586,4.57"
B122,"-37.103,49.956,4.57","-38.103,49.956,4.57","-38.103,49.956,6.57","-37.103,49.956,6.57","-37.103,49.956,4.57"
B123,"-23.832,40.722,0.0","-24.832,40.722,0.0","-24.832,40.722,2.0","-23.832,40.722,2.0","-23.832,40.722,0.0"
B124,"-23.752,42.781,0.0","-23.752,41.781,0.0","-23.752,41.781,2.0","-23.752,42.781,2.0","-23.752,42.781,0.0"
B125,"-35.608,40.722,0.0","-36.608,40.722,0.0","-36.608,40.722,2.0","-35.608,40.722,2.0","-35.608,40.722,0.0"
B126,"-29.063,22.668,0.0","-28.063,22.668,0.0","-28.063,22.668,2.0","-29.063,22.668,2.0","-29.063,22.668,0.0"
B127,"-24.878,46.816,4.57","-25.878,46.816,4.57","-25.878,46.816,6.57","-24.878,46.816,6.57","-24.878,46.816,4.57"
B128,"-21.733,37.136,4.57","-20.733,37.136,4.57","-20.733,37.136,6.57","-21.733,37.136,6.57","-21.733,37.136,4.57"
B129,"-4.362,42.371,0.0","-4.362,41.371,0.0","-4.362,41.371,2.0","-4.362,42.371,2.0","-4.362,42.371,0.0"
B130,"-4.362,45.281,0.0","-4.362,44.281,0.0","-4.362,44.281,2.0","-4.362,45.281,2.0","-4.362,45.281,0.0"
B131,"-2.978,47.091,0.0","-2.978,48.091,0.0","-2.978,48.091,2.0","-2.978,47.091,2.0","-2.978,47.091,0.0"
B132,"-26.728,49.922,0.0","-27.728,49.922,0.0","-27.728,49.922,2.0","-26.728,49.922,2.0","-26.728,49.922,0.0"
B133,"-43.368,34.842,0.0","-44.368,34.842,0.0","-44.368,34.842,2.0","-43.368,34.842,2.0","-43.368,34.842,0.0"
B134,"-40.475,49.012,0.0","-40.475,48.012,0.0","-40.475,48.012,2.0","-40.475,49.012,2.0","-40.475,49.012,0.0"
B135,"-38.658,15.927,0.0","-38.658,14.927,0.0","-38.658,14.927,2.0","-38.658,15.927,2.0","-38.658,15.927,0.0"
B136,"-40.373,16.752,0.0","-39.373,16.752,0.0","-39.373,16.752,2.0","-40.373,16.752,2.0","-40.373,16.752,0.0"
B137,"-7.112,18.835,0.0","-7.112,19.835,0.0","-7.112,19.835,2.0","-7.112,18.835,2.0","-7.112,18.835,0.0"
B138,"-17.768,11.618,0.0","-17.768,12.618,0.0","-17.768,12.618,2.0","-17.768,11.618,2.0","-17.768,11.618,0.0"
B139,"-4.208,42.852,4.57","-4.208,43.852,4.57","-4.208,43.852,6.57","-4.208,42.852,6.57","-4.208,42.852,4.57"
B140,"-2.189,42.732,4.57","-3.189,42.732,4.57","-3.189,42.732,6.57","-2.189,42.732,6.57","-2.189,42.732,4.57"
B141,"-25.932,44.982,4.57","-24.932,44.982,4.57","-24.932,44.982,6.57","-25.932,44.982,6.57","-25.932,44.982,4.57"
B142,"-39.269,46.816,4.57","-40.269,46.816,4.57","-40.269,46.816,6.57","-39.269,46.816,6.57","-39.269,46.816,4.57"
B143,"-33.382,20.232,4.57","-33.382,19.232,4.57","-33.382,19.232,6.57","-33.382,20.232,6.57","-33.382,20.232,4.57"
B144,"-35.623,18.286,4.57","-36.623,18.286,4.57","-36.623,18.286,6.57","-35.623,18.286,6.57","-35.623,18.286,4.57"
B145,"-43.168,17.952,4.57","-44.168,17.952,4.57","-44.168,17.952,6.57","-43.168,17.952,6.57","-43.168,17.952,4.57"
B146,"-38.163,13.642,4.57","-37.163,13.642,4.57","-37.163,13.642,6.57","-38.163,13.642,6.57","-38.163,13.642,4.57"
B147,"-32.527,13.642,4.57","-31.527,13.642,4.57","-31.527,13.642,6.57","-32.527,13.642,6.57","-32.527,13.642,4.57"
B148,"-5.262,17.103,4.57","-5.262,16.103,4.57","-5.262,16.103,6.57","-5.262,17.103,6.57","-5.262,17.103,4.57"
B149,"-41.978,6.617,0.0","-41.978,7.617,0.0","-41.978,7.617,2.0","-41.978,6.617,2.0","-41.978,6.617,0.0"
B150,"-35.278,44.982,4.57","-34.278,44.982,4.57","-34.278,44.982,6.57","-35.278,44.982,6.57","-35.278,44.982,4.57"
B151,"-31.482,38.888,0.0","-30.482,38.888,0.0","-30.482,38.888,2.0","-31.482,38.888,2.0","-31.482,38.888,0.0"
B152,"-31.598,46.816,4.57","-32.598,46.816,4.57","-32.598,46.816,6.57","-31.598,46.816,6.57","-31.598,46.816,4.57"
B153,"-40.475,54.281,0.0","-40.475,53.281,0.0","-40.475,53.281,2.0","-40.475,54.281,2.0","-40.475,54.281,0.0"
B154,"-15.179,42.218,0.0","-14.179,42.218,0.0","-14.179,42.218,2.0","-15.179,42.218,2.0","-15.179,42.218,0.0"
B155,"-4.861,15.902,0.0","-5.861,15.902,0.0","-5.861,15.902,2.0","-4.861,15.902,2.0","-4.861,15.902,0.0"
B156,"-20.713,38.576,4.57","-21.713,38.576,4.57","-21.713,38.576,6.57","-20.713,38.576,6.57","-20.713,38.576,4.57"
B157,"-2.402,12.866,4.57","-2.402,13.866,4.57","-2.402,13.866,6.57","-2.402,12.866,6.57","-2.402,12.866,4.57"
B158,"-38.658,27.025,0.0","-38.658,26.025,0.0","-38.658,26.025,2.0","-38.658,27.025,2.0","-38.658,27.025,0.0"
B159,"-39.373,24.996,0.0","-40.373,24.996,0.0","-40.373,24.996,2.0","-39.373,24.996,2.0","-39.373,24.996,0.0"
B160,"-48.767,45.881,0.0","-48.767,44.881,0.0","-48.767,44.881,2.0","-48.767,45.881,2.0","-48.767,45.881,0.0"
B161,"-48.512,53.202,0.0","-49.512,53.202,0.0","-49.512,53.202,2.0","-48.512,53.202,2.0","-48.512,53.202,0.0"
B162,"-38.658,52.948,0.0","-38.658,53.948,0.0","-38.658,53.948,2.0","-38.658,52.948,2.0","-38.658,52.948,0.0"
B163,"-21.729,12.042,0.0","-22.729,12.042,0.0","-22.729,12.042,2.0","-21.729,12.042,2.0","-21.729,12.042,0.0"
B164,"-19.892,18.331,0.0","-19.892,17.331,0.0","-19.892,17.331,2.0","-19.892,18.331,2.0","-19.892,18.331,0.0"
B165,"-25.838,15.517,0.0","-25.838,16.517,0.0","-25.838,16.517,2.0","-25.838,15.517,2.0","-25.838,15.517,0.0"
B166,"-31.532,15.508,0.0","-31.532,14.508,0.0","-31.532,14.508,2.0","-31.532,15.508,2.0","-31.532,15.508,0.0"
B167,"-31.612,12.042,0.0","-32.612,12.042,0.0","-32.612,12.042,2.0","-31.612,12.042,2.0","-31.612,12.042,0.0"
B168,"-45.653,12.042,0.0","-46.653,12.042,0.0","-46.653,12.042,2.0","-45.653,12.042,2.0","-45.653,12.042,0.0"
B169,"-43.951,1.024,0.0","-43.951,0.024,0.0","-43.951,0.024,2.0","-43.951,1.024,2.0","-43.951,1.024,0.0"
B170,"-22.913,2.842,0.0","-21.913,2.842,0.0","-21.913,2.842,2.0","-22.913,2.842,2.0","-22.913,2.842,0.0"
B171,"-7.518,19.971,0.0","-7.518,20.971,0.0","-7.518,20.971,2.0","-7.518,19.971,2.0","-7.518,19.971,0.0"
B172,"-9.932,12.718,0.0","-8.932,12.718,0.0","-8.932,12.718,2.0","-9.932,12.718,2.0","-9.932,12.718,0.0"
B173,"-17.768,18.802,0.0","-17.768,19.802,0.0","-17.768,19.802,2.0","-17.768,18.802,2.0","-17.768,18.802,0.0"
B174,"-17.768,14.611,0.0","-17.768,15.611,0.0","-17.768,15.611,2.0","-17.768,14.611,2.0","-17.768,14.611,0.0"
B175,"-10.442,44.863,4.57","-10.442,43.863,4.57","-10.442,43.863,6.57","-10.442,44.863,6.57","-10.442,44.863,4.57"
B176,"-35.008,46.816,4.57","-36.008,46.816,4.57","-36.008,46.816,6.57","-35.008,46.816,6.57","-35.008,46.816,4.57"
B177,"-41.969,18.286,4.57","-42.969,18.286,4.57","-42.969,18.286,6.57","-41.969,18.286,6.57","-41.969,18.286,4.57"
B178,"-43.009,11.156,4.57","-42.009,11.156,4.57","-42.009,11.156,6.57","-43.009,11.156,6.57","-43.009,11.156,4.57"
B179,"-29.997,13.642,4.57","-28.997,13.642,4.57","-28.997,13.642,6.57","-29.997,13.642,6.57","-29.997,13.642,4.57"
B180,"-28.798,13.642,4.57","-27.798,13.642,4.57","-27.798,13.642,6.57","-28.798,13.642,6.57","-28.798,13.642,4.57"
B181,"-10.308,22.912,4.57","-9.308,22.912,4.57","-9.308,22.912,6.57","-10.308,22.912,6.57","-10.308,22.912,4.57"
B182,"-17.768,18.842,4.57","-17.768,19.842,4.57","-17.768,19.842,6.57","-17.768,18.842,6.57","-17.768,18.842,4.57"
B183,"-3.457,12.718,4.57","-2.457,12.718,4.57","-2.457,12.718,6.57","-3.457,12.718,6.57","-3.457,12.718,4.57"
B184,"-37.485,-0.247,0.0","-36.485,-0.247,0.0","-36.485,-0.247,2.0","-37.485,-0.247,2.0","-37.485,-0.247,0.0"
B185,"-9.209,14.586,4.57","-10.209,14.586,4.57","-10.209,14.586,6.57","-9.209,14.586,6.57","-9.209,14.586,4.57"
B186,"-30.283,38.888,0.0","-29.283,38.888,0.0","-29.283,38.888,2.0","-30.283,38.888,2.0","-30.283,38.888,0.0"
B187,"-29.268,40.722,0.0","-30.268,40.722,0.0","-30.268,40.722,2.0","-29.268,40.722,2.0","-29.268,40.722,0.0"
B188,"-36.602,22.668,0.0","-35.602,22.668,0.0","-35.602,22.668,2.0","-36.602,22.668,2.0","-36.602,22.668,0.0"
B189,"-30.262,22.668,0.0","-29.262,22.668,0.0","-29.262,22.668,2.0","-30.262,22.668,2.0","-30.262,22.668,0.0"
B190,"-27.311,24.502,0.0","-28.311,24.502,0.0","-28.311,24.502,2.0","-27.311,24.502,2.0","-27.311,24.502,0.0"
B191,"-37.579,12.042,0.0","-38.579,12.042,0.0","-38.579,12.042,2.0","-37.579,12.042,2.0","-37.579,12.042,0.0"
B192,"-41.592,13.998,0.0","-40.592,13.998,0.0","-40.592,13.998,2.0","-41.592,13.998,2.0","-41.592,13.998,0.0"
B193,"-5.262,21.196,4.57","-5.262,20.196,4.57","-5.262,20.196,6.57","-5.262,21.196,6.57","-5.262,21.196,4.57"
B194,"-2.978,44.131,0.0","-2.978,45.131,0.0","-2.978,45.131,2.0","-2.978,44.131,2.0","-2.978,44.131,0.0"
B195,"-10.732,48.716,0.0","-10.732,47.716,0.0","-10.732,47.716,2.0","-10.732,48.716,2.0","-10.732,48.716,0.0"
B196,"-30.543,54.349,0.0","-31.543,54.349,0.0","-31.543,54.349,2.0","-30.543,54.349,2.0","-30.543,54.349,0.0"
B197,"-40.475,40.775,0.0","-40.475,39.775,0.0","-40.475,39.775,2.0","-40.475,40.775,2.0","-40.475,40.775,0.0"
B198,"-44.348,28.548,0.0","-43.348,28.548,0.0","-43.348,28.548,2.0","-44.348,28.548,2.0","-44.348,28.548,0.0"
B199,"-44.113,53.202,0.0","-45.113,53.202,0.0","-45.113,53.202,2.0","-44.113,53.202,2.0","-44.113,53.202,0.0"
B200,"-24.112,2.842,0.0","-23.112,2.842,0.0","-23.112,2.842,2.0","-24.112,2.842,2.0","-24.112,2.842,0.0"
B201,"-22.448,10.088,0.0","-22.448,9.088,0.0","-22.448,9.088,2.0","-22.448,10.088,2.0","-22.448,10.088,0.0"
B202,"-23.163,5.972,0.0","-24.163,5.972,0.0","-24.163,5.972,2.0","-23.163,5.972,2.0","-23.163,5.972,0.0"
B203,"-8.637,12.718,0.0","-7.637,12.718,0.0","-7.637,12.718,2.0","-8.637,12.718,2.0","-8.637,12.718,0.0"
B204,"-9.352,25.898,0.0","-9.352,24.898,0.0","-9.352,24.898,2.0","-9.352,25.898,2.0","-9.352,25.898,0.0"
B205,"-11.352,12.718,0.0","-10.352,12.718,0.0","-10.352,12.718,2.0","-11.352,12.718,2.0","-11.352,12.718,0.0"
B206,"-10.943,40.197,4.57","-10.943,41.197,4.57","-10.943,41.197,6.57","-10.943,40.197,6.57","-10.943,40.197,4.57"
B207,"-1.849,46.326,4.57","-2.849,46.326,4.57","-2.849,46.326,6.57","-1.849,46.326,6.57","-1.849,46.326,4.57"
B208,"-42.439,38.456,4.57","-43.439,38.456,4.57","-43.439,38.456,6.57","-42.439,38.456,6.57","-42.439,38.456,4.57"
B209,"-33.382,40.977,4.57","-33.382,39.977,4.57","-33.382,39.977,6.57","-33.382,40.977,6.57","-33.382,40.977,4.57"
B210,"-37.282,18.286,4.57","-38.282,18.286,4.57","-38.282,18.286,6.57","-37.282,18.286,6.57","-37.282,18.286,4.57"
B211,"-6.771,24.746,4.57","-7.771,24.746,4.57","-7.771,24.746,6.57","-6.771,24.746,6.57","-6.771,24.746,4.57"
B212,"-11.733,14.586,4.57","-12.733,14.586,4.57","-12.733,14.586,6.57","-11.733,14.586,6.57","-11.733,14.586,4.57"
B213,"-9.478,12.718,4.57","-8.478,12.718,4.57","-8.478,12.718,6.57","-9.478,12.718,6.57","-9.478,12.718,4.57"
B214,"-3.428,15.046,4.57","-3.428,16.046,4.57","-3.428,16.046,6.57","-3.428,15.046,6.57","-3.428,15.046,4.57"
B215,"-3.428,17.985,4.57","-3.428,18.985,4.57","-3.428,18.985,6.57","-3.428,17.985,6.57","-3.428,17.985,4.57"
B216,"-17.768,10.362,4.57","-17.768,11.362,4.57","-17.768,11.362,6.57","-17.768,10.362,6.57","-17.768,10.362,4.57"
B217,"-22.968,12.042,0.0","-23.968,12.042,0.0","-23.968,12.042,2.0","-22.968,12.042,2.0","-22.968,12.042,0.0"
B218,"-28.188,46.816,4.57","-29.188,46.816,4.57","-29.188,46.816,6.57","-28.188,46.816,6.57","-28.188,46.816,4.57"
B219,"-36.112,38.808,0.0","-36.112,37.808,0.0","-36.112,37.808,2.0","-36.112,38.808,2.0","-36.112,38.808,0.0"
B220,"-7.518,21.627,0.0","-7.518,22.627,0.0","-7.518,22.627,2.0","-7.518,21.627,2.0","-7.518,21.627,0.0"
B221,"-34.892,12.042,0.0","-35.892,12.042,0.0","-35.892,12.042,2.0","-34.892,12.042,2.0","-34.892,12.042,0.0"
B222,"-40.492,23.601,0.0","-40.492,22.601,0.0","-40.492,22.601,2.0","-40.492,23.601,2.0","-40.492,23.601,0.0"
B223,"-9.109,22.912,4.57","-8.109,22.912,4.57","-8.109,22.912,6.57","-9.109,22.912,6.57","-9.109,22.912,4.57"
B224,"-10.732,46.731,0.0","-10.732,45.731,0.0","-10.732,45.731,2.0","-10.732,46.731,2.0","-10.732,46.731,0.0"
B225,"-32.087,48.088,0.0","-31.087,48.088,0.0","-31.087,48.088,2.0","-32.087,48.088,2.0","-32.087,48.088,0.0"
B226,"-46.713,49.132,0.0","-45.713,49.132,0.0","-45.713,49.132,2.0","-46.713,49.132,2.0","-46.713,49.132,0.0"
B227,"-19.892,16.411,0.0","-19.892,15.411,0.0","-19.892,15.411,2.0","-19.892,16.411,2.0","-19.892,16.411,0.0"
B228,"-41.907,2.651,0.0","-41.907,3.651,0.0","-41.907,3.651,2.0","-41.907,2.651,2.0","-41.907,2.651,0.0"
B229,"-38.317,5.778,0.0","-38.317,4.778,0.0","-38.317,4.778,2.0","-38.317,5.778,2.0","-38.317,5.778,0.0"
B230,"-2.332,14.068,0.0","-1.332,14.068,0.0","-1.332,14.068,2.0","-2.332,14.068,2.0","-2.332,14.068,0.0"
B231,"-4.888,14.068,0.0","-3.888,14.068,0.0","-3.888,14.068,2.0","-4.888,14.068,2.0","-4.888,14.068,0.0"
B232,"-52.147,13.485,0.0","-52.147,14.485,0.0","-52.147,14.485,2.0","-52.147,13.485,2.0","-52.147,13.485,0.0"
B233,"-21.348,44.982,4.57","-20.348,44.982,4.57","-20.348,44.982,6.57","-21.348,44.982,6.57","-21.348,44.982,4.57"
B234,"-24.133,22.443,4.57","-24.133,23.443,4.57","-24.133,23.443,6.57","-24.133,22.443,6.57","-24.133,22.443,4.57"
B235,"-24.133,23.642,4.57","-24.133,24.642,4.57","-24.133,24.642,6.57","-24.133,23.642,6.57","-24.133,23.642,4.57"
B236,"-1.748,23.627,4.57","-1.748,24.627,4.57","-1.748,24.627,6.57","-1.748,23.627,6.57","-1.748,23.627,4.57"
B237,"-11.272,24.746,4.57","-12.272,24.746,4.57","-12.272,24.746,6.57","-11.272,24.746,6.57","-11.272,24.746,4.57"
B238,"-4.759,12.718,4.57","-3.759,12.718,4.57","-3.759,12.718,6.57","-4.759,12.718,6.57","-4.759,12.718,4.57"
